Symbol;Kolor;Ilość
As-B22;Uniwersalny;8
As-B22a;Uniwersalny;9
As-E22;Uniwersalny;11
As-E22a;Uniwersalny;10
Bs-A6;Uniwersalny;2
Bs-C6;Uniwersalny;3
T-B6;Uniwersalny;1
Es-A4;Uniwersalny;1
Es-A5;Uniwersalny;2
Es-G4;Uniwersalny;3
Es-G5;Uniwersalny;1
Es-A1;Uniwersalny;1
Es-A2;Uniwersalny;2
Es-B3;Uniwersalny;4
Es-B3a;Uniwersalny;4
Es-G1;Uniwersalny;2
Es-G2;Uniwersalny;2
Es-E3;Uniwersalny;4
Es-E3a;Uniwersalny;4
T-B4;Uniwersalny;1
XLJ-3;Uniwersalny;2
T-C3;Uniwersalny;2
T-C3a;Uniwersalny;2
T-B1;Uniwersalny;2
Bs-C36;Uniwersalny;3
T-B32;Uniwersalny;4
Bs-C34;Uniwersalny;3
Bs-A36;Uniwersalny;2
T-B34;Uniwersalny;1
T-B33;Uniwersalny;1
Eh-A32;Uniwersalny;8
Eh-G32;Uniwersalny;12
Bs-A33;Uniwersalny;2
Bs-A34;Uniwersalny;2
Bs-C33;Uniwersalny;3
Bs-A37;Uniwersalny;2
T-B36;Uniwersalny;1
Bs-C37;Uniwersalny;3
W-3;Uniwersalny;2
T-E29;Uniwersalny;4
T-E45;Uniwersalny;4
W-4;Uniwersalny;2
T-X29a;Uniwersalny;1
T-X29b;Uniwersalny;1
T-P7;Uniwersalny;2
Es-G12;Uniwersalny;2
Es-G12a;Uniwersalny;2
Es-A12;Uniwersalny;2
Es-A12a;Uniwersalny;2
Es-B13;Uniwersalny;2
Es-B13a;Uniwersalny;3
Es-E13;Uniwersalny;3
Es-E13a;Uniwersalny;5
T-X9;Uniwersalny;1
T-X10;Uniwersalny;1
Es-G9;Uniwersalny;3
Es-G10;Uniwersalny;3
Es-A9;Uniwersalny;1
Es-A10;Uniwersalny;1
Eh-8;Uniwersalny;11
Es-8;Uniwersalny;3
T-X15;Uniwersalny;1
T-X12;Uniwersalny;1
T-X13;Uniwersalny;2
T-X13a;Uniwersalny;2
Eh-E46;Uniwersalny;9
Es-E46;Uniwersalny;6
Es-15;Uniwersalny;3
Eh-15;Uniwersalny;10
Eh-31;Uniwersalny;3
Es-16;Uniwersalny;1
Es-16a;Uniwersalny;0
T-31;Uniwersalny;2
As-A28;Silver;6
As-A28;Antracyt;0
As-E28;Silver;1
As-E28;Antracyt;1
As-B28;Wood;2
Eh-15a;Antracyt;3
Eh-15a;Wood;2
Eh-15a;Silver;2
Eh-21;Antracyt;4
Eh-21;Wood;4
Eh-17;Wood;1
Eh-17;Antracyt;1
Eh-17;Silver;1
Eh-17a;Silver;1
Eh-17a;Antracyt;1
As-26;Wood;5
As-26;Silver;6
As-26;Antracyt;7
As-27;Antracyt;6
As-27;Silver;2
As-A38;Wood;1
As-A38;Antracyt;2
As-A39;Wood;2
As-A39;Antracyt;1
Es-21;Silver;4
Es-G18;Silver;2
Es-G18;Antracyt;1
Es-B18;SrebrnyCiemny;1
Es-A18;Antracyt;1
D1;Antracyt;1
D2;Antracyt;1
D3;Antracyt;2
T-X25;Antracyt;2
T-X26;Antracyt;2
T-X27;Antracyt;2
As-F38;Antracyt;2
As-F38;Silver;4
As-F39;Antracyt;2
As-F39;Silver;4
As-C38;Wood;1
As-C39;Wood;2
Lj-C19;Wood;1
XLJ-24;Antracyt;2
XLJ-25;Antracyt;1
XLJ-25;Wood;1
XLJ-26;Antracyt;1
XLJ-26;Wood;1
XLJ-17;Antracyt;1
XLJ-17;Wood;1
XLJ-17a;Antracyt;1
XLJ-17a;Wood;1
XLJ-C18;Antracyt;1
XLJ-C18;Wood;1
XLJ-C27;Antracyt;4
XLJ-C27;Wood;4
Lj-14;Uniwersalny;2
XLJ-11a;Uniwersalny;4
T-F;Uniwersalny;4
LJ-13;Uniwersalny;2
LJ-C21;Uniwersalny;4
LJ-C21a;Uniwersalny;2
XLJ-9;Uniwersalny;2
XLJ-9a;Uniwersalny;2
LJ-C28;Uniwersalny;8
LJ-C8;Uniwersalny;2
XLJ-3;Uniwersalny;2
XLJ-C1;Uniwersalny;1
XLJ-C2;Uniwersalny;1
