Symbol;Ilość;Lokalizacja;Model;Kolor
As-F23;2;42509;Dummer;Antracyt
As-F24;6;42509;Dummer;Antracyt
As-F25;2;42509;Dummer;Antracyt
Es-11;6;42509;Dummer;Antracyt
Es-11b;3;42509;Dummer;Antracyt
Es-11c;1;42509;Dummer;Antracyt
Es-G7;4;42509;Dummer;Antracyt
Es-G7b;2;42509;Dummer;Antracyt
Es-G14;4;42509;Dummer;Antracyt
As-E28;0;42488;Agger;Antracyt
As-C19;1;42488;Agger;Antracyt
As-C20;1;42488;Agger;Antracyt
As-C24;6;42488;Agger;Antracyt
As-C25;0;42488;Agger;Antracyt
Es-C7;4;42488;Agger;Antracyt
Es-C7a;1;42488;Agger;Antracyt
Es-E11a;2;42488;Agger;Antracyt
Es-C14;3;42488;Agger;Antracyt
Es-C14a;2;42488;Agger;Antracyt
Es-E11;8;42488;Agger;Antracyt
Es-15a;3;42488;Agger;Antracyt
Es-17a;1;42488;Agger;Antracyt
Es-C18;1;42488;Agger;Antracyt
Es-C21;4;42488;Agger;Antracyt
Es-C30;0;42488;Agger;Antracyt
Es-C35;0;42488;Agger;Antracyt
As-D22;5;42504;Dummer;PaczkiB
As-D22a;3;42504;Dummer;PaczkiB
Bs-B37;1;42504;Dummer;PaczkiB
Bs-B6;1;42504;Dummer;PaczkiB
Bs-B33;1;42504;Dummer;PaczkiB
Bs-B34;1;42504;Dummer;PaczkiB
Bs-36;1;42504;Dummer;PaczkiB
Es-C4;1;42504;Dummer;PaczkiB
Es-C5;1;42504;Dummer;PaczkiB
Es-D13;2;42504;Dummer;PaczkiB
Es-D13a;2;42504;Dummer;PaczkiB
Es-C12;1;42504;Dummer;PaczkiB
Es-C12a;1;42504;Dummer;PaczkiB
Es-C9;1;42504;Dummer;PaczkiB
Es-C10;1;42504;Dummer;PaczkiB
Es-C1;1;42504;Dummer;PaczkiB
Es-D3;1;42504;Dummer;PaczkiB
Es-D3a;2;42504;Dummer;PaczkiB
Eh-8;1;42504;Dummer;PaczkiB
Eh-15;3;42504;Dummer;PaczkiB
Eh-C32;4;42504;Dummer;PaczkiB
W-3;2;44604;Dummer;PaczkiB
W-4;2;44604;Dummer;PaczkiB
As-26;4;44604;Dummer;PaczkiB
As-C38;2;44604;Dummer;PaczkiB
As-C39;2;44604;Dummer;PaczkiB
As-D22;4;44604;Dummer;PaczkiB
As-D22a;4;44604;Dummer;PaczkiB
Bs-B34;1;44604;Dummer;PaczkiB
Bs-B36;1;44604;Dummer;PaczkiB
Bs-B37;1;44604;Dummer;PaczkiB
T-B29;4;44604;Dummer;PaczkiB
Tp-7;1;44604;Dummer;PaczkiB
Eh-8;4;44604;Dummer;PaczkiB
Eh-15;3;44604;Dummer;PaczkiB
Eh-31;2;44604;Dummer;PaczkiB
Es-C9;1;44604;Dummer;PaczkiB
Es-C10;1;44604;Dummer;PaczkiB
Es-C5;2;44604;Dummer;PaczkiB
Es-B6;1;44604;Dummer;PaczkiB
Es-C1;1;44604;Dummer;PaczkiB
Es-C2;1;44604;Dummer;PaczkiB
Es-D3;2;44604;Dummer;PaczkiB
Es-D3a;2;44604;Dummer;PaczkiB
Es-C12;1;44604;Dummer;PaczkiB
Es-C12a;1;44604;Dummer;PaczkiB
Es-D13;2;44604;Dummer;PaczkiB
Es-D13a;2;44604;Dummer;PaczkiB
Eh-C32;4;44604;Dummer;PaczkiB
T-F;4;Focus;Focus;PaczkiB
Tp-7;1;Focus;Focus;PaczkiB
Ts-31;2;Focus;Focus;PaczkiB
T-B29;4;Focus;Focus;PaczkiB
As-26;4;Focus;Focus;PaczkiB
As-27;2;Focus;Focus;PaczkiB
As-C38;2;Focus;Focus;PaczkiB
As-C39;2;Focus;Focus;PaczkiB
As-D15;2;Focus;Focus;PaczkiB
As-E13;2;Focus;Focus;PaczkiB
As-E22;4;Focus;Focus;PaczkiB
As-E22a;4;Focus;Focus;PaczkiB
W-3;2;Focus;Focus;PaczkiB
W-4;2;Focus;Focus;PaczkiB
Bs-B11;1;Focus;Focus;PaczkiB
Bs-B12;1;Focus;Focus;PaczkiB
Bs-A2;1;Focus;Focus;PaczkiB
Bs-B1;1;Focus;Focus;PaczkiB
Bs-B4;1;Focus;Focus;PaczkiB
Bs-B5;1;Focus;Focus;PaczkiB
Bs-B6;1;Focus;Focus;PaczkiB
Bs-B9;1;Focus;Focus;PaczkiB
Bs-B10;1;Focus;Focus;PaczkiB
Bs-G3;2;Focus;Focus;PaczkiB
Bs-G3a;2;Focus;Focus;PaczkiB
Bs-B32;4;Focus;Focus;PaczkiB
Bs-B33;1;Focus;Focus;PaczkiB
Bs-B34;1;Focus;Focus;PaczkiB
Bs-B36;1;Focus;Focus;PaczkiB
Bs-B37;1;Focus;Focus;PaczkiB
T-F;2;44608;Wipper;PaczkiB
T-B29;4;44608;Wipper;PaczkiB
As-D22;4;44608;Wipper;PaczkiB
As-D22a;4;44608;Wipper;PaczkiB
As-A69;1;44608;Wipper;PaczkiB
As-A69a;1;44608;Wipper;PaczkiB
As-D15;2;44608;Wipper;PaczkiB
As-B68;1;44608;Wipper;PaczkiB
As-D68a;1;44608;Wipper;PaczkiB
As-B13;2;44608;Wipper;PaczkiB
As-26;4;44608;Wipper;PaczkiB
As-C38;2;44608;Wipper;PaczkiB
As-C39;2;44608;Wipper;PaczkiB
Bs-B4;1;44608;Wipper;PaczkiB
Bs-B5;1;44608;Wipper;PaczkiB
Bs-B6;1;44608;Wipper;PaczkiB
Bs-B9;1;44608;Wipper;PaczkiB
Bs-B10;1;44608;Wipper;PaczkiB
Cs-C3a;2;44608;Wipper;PaczkiB
Cs-A44;1;44608;Wipper;PaczkiB
Cs-C44a;1;44608;Wipper;PaczkiB
Lk-A1;2;44608;Wipper;PaczkiB
Lk-C2;2;44608;Wipper;PaczkiB
Lk-38;2;44608;Wipper;PaczkiB
As-E22;4;42488;Agger;PaczkiB
As-E22a;4;42488;Agger;PaczkiB
Tp-7;1;42488;Agger;PaczkiB
T-B29;4;42488;Agger;PaczkiB
Bs-B6;1;42488;Agger;PaczkiB
Bs-B33;1;42488;Agger;PaczkiB
Bs-B34;1;42488;Agger;PaczkiB
Bs-B36;1;42488;Agger;PaczkiB
Bs-B37;1;42488;Agger;PaczkiB
Es-C1;1;42488;Agger;PaczkiB
Es-C2;1;42488;Agger;PaczkiB
Es-C4;1;42488;Agger;PaczkiB
Es-C5;1;42488;Agger;PaczkiB
Es-C9;1;42488;Agger;PaczkiB
Es-C10;1;42488;Agger;PaczkiB
Es-C12;1;42488;Agger;PaczkiB
Es-C12a;1;42488;Agger;PaczkiB
Es-C13;2;42488;Agger;PaczkiB
Es-C13a;2;42488;Agger;PaczkiB
Es-8;3;42488;Agger;PaczkiB
Es-15;3;42488;Agger;PaczkiB
Es-16;1;42488;Agger;PaczkiB
Es-16a;1;42488;Agger;PaczkiB
Es-E3;2;42488;Agger;PaczkiB
Es-E3a;2;42488;Agger;PaczkiB
Es-E46;6;42488;Agger;PaczkiB
T-B1;2;44022;Kaggen;Wood
T-B3;2;44022;Kaggen;Wood
T-B4;1;44022;Kaggen;Wood
T-B5;1;44022;Kaggen;Wood
T-B33;1;44022;Kaggen;Wood
T-B34;1;44022;Kaggen;Wood
T-B36;1;44022;Kaggen;Wood
T-B37;1;44022;Kaggen;Wood
T-B6;1;44022;Kaggen;Wood
T-B18;1;44022;Kaggen;Wood
Tp-16;1;44022;Kaggen;Wood
Tp-17;1;44022;Kaggen;Wood
Tp-31;2;44022;Kaggen;Wood
Tp-8;4;44022;Kaggen;Wood
Tp-14;5;44022;Kaggen;Wood
Tp-B32;4;44022;Kaggen;Wood
Tp-B7;2;44022;Kaggen;Wood
T-B46;1;44022;Kaggen;Wood
T-Y20;1;44022;Kaggen;Wood
T-Y20a;1;44022;Kaggen;Wood
T-Y21;1;44022;Kaggen;Wood
T-Y22;1;44022;Kaggen;Wood
T-Y22a;1;44022;Kaggen;Wood
T-Y22b;1;44022;Kaggen;Wood
T-Y22c;1;44022;Kaggen;Wood
T-B47;2;44022;Kaggen;Wood
T-X10;1;44022;Kaggen;Wood
T-X9;1;44022;Kaggen;Wood
T-Y12;1;44022;Kaggen;Wood
T-Y13;2;44022;Kaggen;Wood
T-Y15;1;44022;Kaggen;Wood
T-X25;2;44022;Kaggen;Wood
T-X26;2;44022;Kaggen;Wood
T-Y27;1;44022;Kaggen;Wood
T-Y27a;1;44022;Kaggen;Wood
T-Y28;1;44022;Kaggen;Wood
T-Y28a;1;44022;Kaggen;Wood
T-Y23;1;44022;Kaggen;Wood
T-Y23a;1;44022;Kaggen;Wood
T-Y24;3;44022;Kaggen;Wood
T-Y24a;3;44022;Kaggen;Wood
T-Y25a;1;44022;Kaggen;Wood
T-K46;1;44022;Kaggen;Wood
W-1;1;42498;Dummer;Wood
W-2;1;42498;Dummer;Wood
W-3;2;42498;Dummer;Wood
W-4;2;42498;Dummer;Wood
As-B28;2;42498;Dummer;Wood
As-B22;2;42498;Dummer;Wood
As-B22a;3;42498;Dummer;Wood
As-a19;2;42498;Dummer;Wood
As-A20;2;42498;Dummer;Wood
As-A38;2;42498;Dummer;Wood
As-A39;2;42498;Dummer;Wood
As-26;2;42498;Dummer;Wood
As-A25;2;42498;Dummer;Wood
As-A23;1;42498;Dummer;Wood
As-B24;1;42498;Dummer;Wood
Bs-A33;1;42498;Dummer;Wood
Bs-A34;1;42498;Dummer;Wood
Bs-A36;1;42498;Dummer;Wood
Bs-A37;1;42498;Dummer;Wood
Eh-A32;4;42498;Dummer;Wood
Bs-A6;1;42498;Dummer;Wood
Eh-8;4;42498;Dummer;Wood
Eh-15;3;42498;Dummer;Wood
Eh-15a;1;42498;Dummer;Wood
Eh-A30;1;42498;Dummer;Wood
Eh-A35;1;42498;Dummer;Wood
Es-A4;1;42498;Dummer;Wood
Es-A5;1;42498;Dummer;Wood
Es-A18;1;42498;Dummer;Wood
Es-A9;1;42498;Dummer;Wood
Es-A10;1;42498;Dummer;Wood
Es-A12;1;42498;Dummer;Wood
Es-A12a;1;42498;Dummer;Wood
Es-A1;1;42498;Dummer;Wood
Es-A2;1;42498;Dummer;Wood
Es-B3;1;42498;Dummer;Wood
Es-B3a;2;42498;Dummer;Wood
Es-A7;4;42498;Dummer;Wood
Es-A14;4;42498;Dummer;Wood
Es-A14b;2;42498;Dummer;Wood
Es-A7b;1;42498;Dummer;Wood
Es-B11;7;42498;Dummer;Wood
Es-B11b;3;42498;Dummer;Wood
Es-B11c;1;42498;Dummer;Wood
As-C19;1;42504;Dummer;Wood
As-C20;1;42504;Dummer;Wood
As-C23;0;42504;Dummer;Wood
As-C24;0;42504;Dummer;Wood
W-1;1;42504;Dummer;Wood
Es-D11;6;42504;Dummer;Wood
Es-D11b;3;42504;Dummer;Wood
Es-D11c;1;42504;Dummer;Wood
Es-C7;4;42504;Dummer;Wood
Es-C7b;2;42504;Dummer;Wood
Es-C14;4;42504;Dummer;Wood
Es-C14b;2;42504;Dummer;Wood
Eh-15a;3;42504;Dummer;Wood
Eh-21;4;42504;Dummer;Wood
Eh-C30;1;42504;Dummer;Wood
As-14;1;44608;Wipper;SrebrnyCiemny
As-14a;1;44608;Wipper;SrebrnyCiemny
As-C23;2;44608;Wipper;SrebrnyCiemny
As-C24;4;44608;Wipper;SrebrnyCiemny
As-C25;2;44608;Wipper;SrebrnyCiemny
As-A23a;1;44608;Wipper;SrebrnyCiemny
As-A25a;1;44608;Wipper;SrebrnyCiemny
Bs-14;7;44608;Wipper;SrebrnyCiemny
W-1;1;44603;Dummer;SrebrnyCiemny
W-2;1;44603;Dummer;SrebrnyCiemny
As-A28;2;44603;Dummer;SrebrnyCiemny
As-C19;1;44603;Dummer;SrebrnyCiemny
As-C20;1;44603;Dummer;SrebrnyCiemny
As-C23;2;44603;Dummer;SrebrnyCiemny
As-C24;4;44603;Dummer;SrebrnyCiemny
As-C25;2;44603;Dummer;SrebrnyCiemny
Es-C18;1;44603;Dummer;SrebrnyCiemny
Es-D11;8;44603;Dummer;SrebrnyCiemny
Es-D11b;3;44603;Dummer;SrebrnyCiemny
Es-D11c;1;44603;Dummer;SrebrnyCiemny
Es-C7;4;44603;Dummer;SrebrnyCiemny
Es-C7b;2;44603;Dummer;SrebrnyCiemny
Es-C14;4;44603;Dummer;SrebrnyCiemny
Es-C14b;2;44603;Dummer;SrebrnyCiemny
Eh-15;3;44603;Dummer;SrebrnyCiemny
Eh-17;1;44603;Dummer;SrebrnyCiemny
Eh-17a;1;44603;Dummer;SrebrnyCiemny
Eh-21;4;44603;Dummer;SrebrnyCiemny
Eh-C30;1;44603;Dummer;SrebrnyCiemny
Eh-C35;1;44603;Dummer;SrebrnyCiemny
